# India holiday definitions

---
months:
  1:
  - name: New Year's Day
    regions: [in_tn, in_ka]
    mday: 1
  - name: Pongal
    regions: [in_ka]
    mday: 15
    year_ranges:
      limited: [2024]
  - name: Thiruvalluvar Day
    regions: [in_tn]
    mday: 16
    year_ranges:
      limited: [2023]
  - name: Uzhavar Thirunal
    regions: [in_tn]
    mday: 17
    year_ranges:
      limited: [2023]
  - name: Republic Day
    regions: [in]
    mday: 26
    observed: to_weekday_if_weekend(date)
  3:
  - name: Mahashivratri
    regions: [in_mh]
    mday: 8
    year_ranges:
      limited: [2024]
  - name: Cheti Chand
    regions: [in_gj]
    mday: 22
    year_ranges:
      limited: [2023]
  - name: Telugu New Year's Day
    regions: [in_tn]
    mday: 22
    year_ranges:
      limited: [2023]
  - name: Holi
    regions: [in_rj, in_mh, in_gj, in_ka]
    mday: 25
    year_ranges:
      limited: [2024]
  - name: Good Friday
    regions: [in_rj, in_mh, in_tn, in_gj]
    mday: 29
    year_ranges:
      limited: [2024]
  4:
  - name: Ugadi
    regions: [in_ka]
    mday: 09
  - name: Eid al-Fitr
    regions: [in_rj, in_mh, in_gj]
    mday: 11
  - name: Ambedkar Jayanti
    regions: [in_rj, in_mh, in_gj]
    mday: 14
  - name: Tamil New Year's Day
    regions: [in_tn]
    mday: 14
  - name: Ramnavmi
    regions: [in_rj, in_mh, in_gj]
    mday: 17
    year_ranges:
      limited: [2024]
  - name: Mahavir Jayanti
    regions: [in_rj, in_tn, in_gj]
    mday: 21
    year_ranges:
      limited: [2024]
  5:
  - name: Maharashtra Day
    regions: [in_mh]
    mday: 1
  - name: Labour's Day
    regions: [in_tn, in_ka]
    mday: 1
  6:
  - name: Eid al-Adha
    regions: [in_rj, in_tn, in_gj, in_mh]
    mday: 17
    year_ranges:
      limited: [2024]
  7:
  - name: Muharram
    regions: [in_gj, in_rj, in_tn, in_mh]
    mday: 17
    year_ranges:
      limited: [2024]
  8:
  - name: Independence Day
    regions: [in]
    mday: 15
    observed: to_weekday_if_weekend(date)
  - name: Parsi New Year's Day
    regions: [in_gj]
    mday: 16
    year_ranges:
      limited: [2023]
  - name: Raksha Bandhan
    regions: [in_rj, in_mh, in_gj]
    mday: 19
    year_ranges:
      limited: [2024]
  - name: Janmashtami
    regions: [in_rj, in_mh, in_gj]
    mday: 26
    year_ranges:
      limited: [2024]
  9:
  - name: Krishna Jayanthi
    regions: [in_tn]
    mday: 6
    year_ranges:
      limited: [2023]
  - name: Ganesh Chaturthi
    regions: [in_rj, in_mh, in_gj]
    mday: 7
    year_ranges:
      limited: [2024]
  - name: Milad-un-Nabi
    regions: [in_rj, in_tn, in_gj]
    mday: 16
    year_ranges:
      limited: [2024]
  10:
  - name: Gandhi Jayanti
    regions: [in]
    mday: 2
    observed: to_weekday_if_weekend(date)
  - name: Navratri Sthapana
    regions: [in_rj]
    mday: 3
    year_ranges:
      limited: [2024]
  - name: Dussehra
    regions: [in_rj, in_mh, in_tn, in_gj]
    mday: 12
    year_ranges:
      limited: [2024]
  - name: Ayutha Pooja
    regions: [in_tn]
    mday: 23
    year_ranges:
      limited: [2023]
  - name: Sardar Vallabhbhai Patel Jayanti
    regions: [in_gj]
    mday: 31
  - name: Diwali
    regions: [in]
    mday: 31
    year_ranges:
      limited: [2024]
  11:
  - name: Kannada Rajyothsava
    regions: [in_ka]
    mday: 1
  - name: Govardhan Puja
    regions: [in_rj, in_gj]
    mday: 13
    year_ranges:
      limited: [2023]
  - name: Guru Nanak Jayanti
    regions: [in_rj, in_mh, in_gj]
    mday: 15
    year_ranges:
      limited: [2024]
  12:
  - name: Christmas Day
    regions: [in]
    mday: 25
    observed: to_weekday_if_weekend(date)
